期次,偿还本息,偿还本金,偿还利息
1期,863,809,55
2期,863,813,50
3期,863,817,46
4期,863,822,41
5期,863,826,37
6期,863,831,32
7期,863,835,28
8期,863,840,23
9期,863,845,19
10期,863,849,14
11期,863,854,9
12期,863,859,5
总期次,累积还款总额,本金,总利息
12,10359,10000,359
期次,偿还本息,偿还本金,偿还利息
1期,863.24,808.57,54.67
2期,863.24,812.99,50.25
3期,863.24,817.44,45.8
4期,863.24,821.91,41.33
5期,863.24,826.4,36.84
6期,863.24,830.92,32.32
7期,863.24,835.46,27.78
8期,863.24,840.03,23.21
9期,863.24,844.62,18.62
10期,863.24,849.24,14.0
11期,863.24,853.88,9.36
12期,863.24,858.55,4.69
总期次,累积还款总额,本金,总利息
12,10358.88,10000,358.88
期次,偿还本息,偿还本金,偿还利息
第1期,863.24,808.57,54.67
第2期,863.24,812.99,50.25
第3期,863.24,817.44,45.8
第4期,863.24,821.91,41.33
第5期,863.24,826.4,36.84
第6期,863.24,830.92,32.32
第7期,863.24,835.46,27.78
第8期,863.24,840.03,23.21
第9期,863.24,844.62,18.62
第10期,863.24,849.24,14.0
第11期,863.24,853.88,9.36
第12期,863.24,858.55,4.69
总期次,累积还款总额,本金,总利息
12,10358.88,10000,358.88
